<addon id="script.module.fenomscrapers" version="2.10.8" name="FenomScrapers Module" provider-name="Mr-Kodi">
    <requires>
        <import addon="xbmc.python" version="3.0.0" />
        <import addon="script.module.requests" />
    </requires>
    <extension point="xbmc.python.pluginsource" library="lib/default.py">
        <provides>executable</provides>
    </extension>
    <extension point="xbmc.service" library="lib/service.py" start="startup" />
    <extension point="xbmc.python.module" library="lib" />
    <extension point="xbmc.addon.metadata">
        <license>GNU GENERAL PUBLIC LICENSE. Version 3, 29 June 2007</license>
        <platform>all</platform>
        <reuselanguageinvoker>false</reuselanguageinvoker>
        <description lang="en">Scrape common video host for URL's to be playable in Kodi, simplifying addon development of video plugins requiring multi video hosts.</description>
        <disclaimer lang="en">The author is not responsible for the use of this addon.[CR]The author is in no way affiliated with Kodi, Team Kodi, or the XBMC Foundation.[CR]This is a Non-profit resource, organized solely for educational purposes which is protected under the Fair-Use doctrine of the Copyright Act, Specifically section 107, which does promote freedom of expression, by permitting the unlicensed use of copyright-protected works.</disclaimer>
        <news>INFO: For latest changes see Show Changelog within General of add-on settings.</news>
        <assets>
            <icon>icon.png</icon>
            <fanart>fanart.png</fanart>
            <screenshot></screenshot>
        </assets>
    </extension>
</addon>

